Employment Type,Job Title
CT,Staff Data Scientist
FT,Research Scientist
FT,Product Data Analyst
FT,Principal Data Scientist
CT,Principal Data Scientist
FT,Principal Data Engineer
FT,Principal Data Analyst
PT,ML Engineer
FT,ML Engineer
CT,ML Engineer
FT,Marketing Data Analyst
FT,Manager Data Science
FT,Machine Learning Scientist
FL,Machine Learning Scientist
FT,Machine Learning Infrastructure Engineer
FT,Machine Learning Engineer
FT,Lead Data Scientist
FT,Lead Data Engineer
FT,Lead Data Analyst
FT,Head of Data Science
FT,Head of Data
FT,Financial Data Analyst
FT,Finance Data Analyst
FT,Director of Data Science
FT,Director of Data Engineering
FT,Data Specialist
PT,Data Scientist
FT,Data Scientist
FT,Data Science Manager
FT,Data Science Engineer
FT,Data Science Consultant
FT,Data Engineering Manager
PT,Data Engineer
FT,Data Engineer
FL,Data Engineer
FT,Data Architect
FT,Data Analytics Manager
FT,Data Analytics Engineer
FT,Data Analyst
FT,Computer Vision Software Engineer
PT,Computer Vision Engineer
FT,Computer Vision Engineer
FL,Computer Vision Engineer
FT,Cloud Data Engineer
FT,Business Data Analyst
CT,Business Data Analyst
FT,Big Data Engineer
FT,Big Data Architect
FT,BI Data Analyst
FT,Applied Machine Learning Scientist
FT,Applied Data Scientist
PT,AI Scientist
FT,AI Scientist
PT,3D Computer Vision Researcher
